{"stats":{"minecraft:mined":{"minecraft:short_grass":21,"minecraft:wheat":1},"minecraft:killed_by":{"minecraft:player":2},"minecraft:used":{"minecraft:bread":1,"minecraft:brown_banner":3},"minecraft:custom":{"minecraft:open_barrel":2,"minecraft:open_chest":1,"minecraft:time_since_rest":2140,"minecraft:crouch_one_cm":85,"minecraft:play_time":9912,"minecraft:sprint_one_cm":24984,"minecraft:damage_taken":499,"minecraft:deaths":2,"minecraft:walk_one_cm":53569,"minecraft:sneak_time":60,"minecraft:walk_under_water_one_cm":1056,"minecraft:drop":15,"minecraft:jump":95,"minecraft:damage_dealt":415,"minecraft:leave_game":2,"minecraft:time_since_death":2111,"minecraft:walk_on_water_one_cm":2782,"minecraft:sleep_in_bed":1,"minecraft:total_world_time":9912,"minecraft:swim_one_cm":601,"minecraft:fall_one_cm":642,"minecraft:fly_one_cm":7837,"minecraft:player_kills":1},"minecraft:dropped":{"minecraft:wheat_seeds":8,"minecraft:acacia_log":6,"minecraft:acacia_sapling":1},"minecraft:picked_up":{"minecraft:wheat_seeds":20,"minecraft:torch":1,"minecraft:acacia_log":6,"minecraft:brown_banner":3,"minecraft:acacia_sapling":1}},"DataVersion":3953}