{"stats":{"minecraft:mined":{"minecraft:short_grass":53,"minecraft:acacia_log":9,"minecraft:melon":2,"minecraft:acacia_leaves":6,"minecraft:wheat":4,"minecraft:fire":22,"minecraft:tall_grass":5,"minecraft:sugar_cane":2},"minecraft:killed_by":{"minecraft:player":1},"minecraft:custom":{"minecraft:open_barrel":2,"minecraft:open_chest":2,"minecraft:time_since_rest":6319,"minecraft:crouch_one_cm":2377,"minecraft:play_time":14720,"minecraft:sprint_one_cm":45556,"minecraft:walk_one_cm":44726,"minecraft:damage_taken":591,"minecraft:deaths":2,"minecraft:sneak_time":502,"minecraft:walk_under_water_one_cm":2146,"minecraft:jump":219,"minecraft:damage_dealt":495,"minecraft:leave_game":1,"minecraft:walk_on_water_one_cm":2740,"minecraft:time_since_death":6283,"minecraft:sleep_in_bed":1,"minecraft:total_world_time":14720,"minecraft:swim_one_cm":617,"minecraft:talked_to_villager":1,"minecraft:fall_one_cm":3880,"minecraft:fly_one_cm":42351,"minecraft:player_kills":2},"minecraft:picked_up":{"minecraft:wheat_seeds":20,"minecraft:acacia_log":14,"minecraft:melon_seeds":1,"minecraft:melon_slice":7,"minecraft:sugar_cane":2}},"DataVersion":3953}